CREATE DATABASE ORG;
USE ORG;
CREATE TABLE WORKER(
	WORKER_ID INT  NOT NULL PRIMARY KEY AUTO_INCREMENT,
    FIRST_NAME CHAR(25),
    LAST_NAME CHAR(25),
    SALARY INT,
    JOIN_DATE DATETIME,
    DEPARTMENT CHAR(25)
);
INSERT INTO WORKER 
(WORKER_ID , FIRST_NAME , LAST_NAME,SALARY , JOIN_DATE , DEPARTMENT) VALUES
(001,'ADITYA','VERMA',100000,'16-09-20 09.00.00','ADMIN'),
(002,'LAVESH','YADAV',90000,'16-05-15 09.00.00','HR'),
(003,'CHANCHAL','SEN',300000,'10-09-21 09.00.00','ADMIN'),
(004,'KRISHNA','PRAJAPAT',200000,'11-01-22 09.00.00','HR'),
(005,'RAJIK','KHAN',100000,'20-09-19 09.00.00','ACOOUNT'),
(006,'DEVANAND','VERMA',500000,'20-09-19 09.00.00','ACOOUNT'),
(007,'PRERANA','YADUVANSHI',400000,'05-05-17 09.00.00','HR');
SELECT * FROM WORKER;

CREATE TABLE BONUS(
	WORKER_REF_ID INT ,
    BONUS_AMOUNT INT(10),
    BONUS_DATE DATETIME,
    FOREIGN KEY (WORKER_REF_ID) 
    REFERENCES worker(WORKER_ID) 
    -- ON DELETE CASCADE
);
INSERT INTO BONUS(WORKER_REF_ID, BONUS_AMOUNT, BONUS_DATE) VALUES
('001','5000','17-09-23 05.00.00'),
('002','4500','17-09-23 05.00.00'),
('003','4000','17-09-23 05.00.00'),
('004','5000','17-09-23 05.00.00'),
('005','3000','17-09-23 05.00.00'),
('006','3500','17-09-23 05.00.00');

CREATE TABLE TITLE(
	WORKER_REF_ID INT,
    WORKER_TITLE CHAR(50),
    AFFECTED_FROM DATETIME,
    FOREIGN KEY (WORKER_REF_ID) REFERENCES WORKER(WORKER_ID) ON DELETE CASCADE
    );
    
    INSERT INTO TITLE(WORKER_REF_ID,WORKER_TITLE,AFFECTED_FROM) VALUES
    ('001','MANAGER','17-09-20 10.00.00'),
    ('002','MANAGER','17-09-20 10.00.00'),
    ('003','EXCETUTIVE','17-09-20 10.00.00'),
    ('004','EXCETUTIVE','17-09-20 10.00.00'),
    ('005','ASST. MANAGER','17-09-20 10.00.00'),
    ('006','LEAD','17-09-20 10.00.00');
    
    SELECT *FROM TITLE;
    
    